,Arabic name,عبد,# of Passages (as of last update),# of Words (as of last update),Witness ,Formatted,Organized by Story,Uploaded to Github,Last Date Updated,Notes,,,,,,,,,,,,,,,,
,,,,,Regex ,,,,,,,,,,,,,,,,,,,,,
,,,,,Tag,,,,,,,,,,,,,,,,,,,,,
1.         ,ʿAbbād b. ʿAbbād al-Muhallabī,عباد بن عباد المهلبي,2,299,WABAI,Y,N,,,(6/10/23) New metadata with name and tags. Transmitted (TR1) tagged. Fully tagged on all passages.,,,,,,,,,,,,,,,,
2.         ,ʿAbbād b. al-ʿAwwām al-Kilābī al-Wāsiṭī ,عباد بن عوام الكلابي الوسطي,26,1742,WABAW,Y,N,,,(6/10/23) New metadata with name and tags. Transmitted (TR1) tagged. Fully tagged on all passages. ,,,,,,,,,,,,,,,,
3.         ,ʿAbbād b. Salamah (see Ḥammād b. Salamah b. Dinār folder),عباد بن سلمة,13,404,WABBS,Y,N,,,(6/10/23) New metadata with name and tags. Transmitted (TR1) tagged. Fully tagged on all passages.,,,,,,,,,,,,,,,,
4.         ,ʿAbd al-Aʿlā b. ʿAbd al-Aʿlā al-Shāmī al-Baṣrī,عبد الاعلى بن عبد الاعلى,105,11996,WABAB,Y,N,,,(6/10/23) New metadata with name and tags. Transmitted (TR1) tagged. Fully tagged on all passages.,,,,,,,,,,,,,,,,
5.         ,ʿAbd al-ʿAzīz b. Muḥammad b. ʿUbayd b. Abī ʿUbayd al-Darāwardī,عبد العزيز بم محمد بن عبيد بن ابي عبيد الدراوردي,1,95,WAZID,Y,Y,,,(6/10/23) New metadata with name and tags. Transmitted (TR1) tagged. Fully tagged on all passages.,,,,,,,,,,,,,,,,
6.         ,ʿAbd Allāh b. ʿAbd Allāh b. Uways b. Mālik b. Abī ʿĀmir al-Aṣbaḥī AKA: Abū Uways,عبد الله بن عبد الله بن اويس ابو اويس,1,115,WAUAA,Y,N,,,Added to editpad pro text file. New metadata with name and tags. Transmitted (TR1) tagged. Fully tagged on all passages (6/11/23).,,,,,,,,,,,,,,,,
7.         ,ʿAbd Allāh b. al-Ajlaḥ (Yaḥyā) ʿAbd Allāh b. Ḥujayah al-Kindī al-Kūfī,عبد الله بن الاجلح,7,1307,WAAAY,Y,N,,,New metadata with name and tags. Transmitted (TR1) tagged. Fully tagged on all passages (6/10/23).,,,,,,,,,,,,,,,,
8.         ,ʿAbd Allāh b. ʿĀmir,عبد الله بن عامر,1,129,WABAM,Y,Y,,,New metadata with name and tags. Transmitted (TR1) tagged. Fully tagged on all passages (6/10/23).,,,,,,,,,,,,,,,,
9.         ,ʿAbd Allāh b. Idrīs b. Yazīd al-Awdī al-Zaʿāfarī,عبد الله بم هدريس,293,37391,WAIYA,y,n,,,New metadata with name and tags. Transmitted (TR1) tagged. Fully tagged on all passages (6/10/23).,,,,,,,,,,,,,,,,
10.       ,ʿAbd Allāh b. Numayr al-Hamdānī al-Khāraqī al-Kūfī,عبد الله بن نمير,32,3461,WAANH,Y,N,,,New metadata with name and tags. Transmitted (TR1) tagged. Fully tagged on all passages (6/10/23).,,,,,,,,,,,,,,,,
11.       ,ʿAbd Allāh b. Yazīd b. al-Ṣalt al-Shaybānī,عبد الله بن يزيد بن الصلت,3,260,WAYSS,Y,N,,,New metadata with name and tags. Transmitted (TR1) tagged. Fully tagged on all passages (6/10/23).,,,,,,,,,,,,,,,,
12.       ,ʿAbd al-Mālik b. ʿAbd al-ʿAzīz b. Jurayj al-Qurashī al-Umawī,عبد الملك بن عيد العزيز بن جريج,1,283,WAWAA,Y,Y,,,New metadata with name and tags. Transmitted (TR1) tagged. Fully tagged on all passages (6/10/23).,,,,,,,,,,,,,,,,
13.       ,ʿAbd Rabbihi b. Nāfiʿ al-Qurashī al-Umawī,عبد ربه بن نافيع,2,223,WARBN,Y,N,,,6/21/23 reconciled text file with epp file. Need to format new files. ,,,,,,,,,,,,,,,,
,,,,,,,,,,"6/10/23 Added to editpad pro, tagged with TR1 tags.",,,,,,,,,,,,,,,,
14.       ,ʿAbd al-Raḥīm b. Sulaymān al-Marwazī al-Rāzī,عبد الرحيم بن سليمان المروزي,25,2552,WASMR,Y,N,,,New metadata with name and tags. Transmitted (TR1) tagged. Fully tagged on all passages (6/10/23).,,,,,,,,,,,,,,,,
15.       ,ʿAbd al-Raḥmān b. Bashīr al-Shaybānī al-Dimishqī,عبد الرحمن بن بشير,9,1173,WARBS,Y,N,,,New metadata with name and tags. Transmitted (TR1) tagged. Fully tagged on all passages (6/11/23).,,,,,,,,,,,,,,,,
16.       ,ʿAbd al-Raḥmān b. Maghrāʾ b. ʿIyāḍ al-Dawsī al-Rāzī al-Kūfī,عبد الرحمن بن مغراء بن عياد,12,1427,WABRM,Y,N,,,New metadata with name and tags. Transmitted (TR1) tagged. Fully tagged on all passages (6/11/23).,,,,,,,,,,,,,,,,
,,,,,,,,,,,,,,,,,,,,,,,,,,
17.       ,ʿAbd al-Raḥmān b. Muḥammad b. Ziyād al-Muḥāribī al-Kūfī,عبد الرحمن بن محمد بن زياد,17,3959,WARMZ,Y,N,,,New metadata with name and tags. Transmitted (TR1) tagged. Fully tagged on all passages (6/11/23).,,,,,,,,,,,,,,,,
18.       ,ʿAbd al-Wārith b. Saʿīd b. Dhakhwān al-Tamīmī al-Tanūrī al-Baṣrī,عبد الوارث بن سعيد بن ذخوان,13,2365,WAWSD,Y,N,,,New metadata with name and tags. Transmitted (TR1) tagged. Fully tagged on all passages (6/11/23).,,,,,,,,,,,,,,,,
19.       ,ʿAbdah (ʿAbd al-Raḥmān) b. Sulaymān al-Kilābī al-Kūfī,عبدة (عبد الرحمن) بن سليمان الكليبي,52,5086,WASKA,Y,N,,,New metadata with name and tags. Transmitted (TR1) tagged. Fully tagged on all passages (6/11/23).,,,,,,,,,,,,,,,,
20.       ,Aḥmad b. ʿAbd al-Mālik b. Wāqid al-Ḥarrānī,احمد بن عبد الملك بن واقد الحراني,1,147,WAAWH,Y,N,,,New metadata with name and tags. Transmitted (TR1) tagged. Fully tagged on all passages (6/11/23).,,,,,,,,,,,,,,,,
21.       ,Aḥmad b. al-Faḍl b. Muḥammad al-Bāṭraqānī,احمد بن لبفضل بن محمد الباطرقاني,3,392,WAFMA,Y,N,,,New metadata with name and tags. Transmitted (TR1) tagged. Fully tagged on all passages (6/11/23).,,,,,,,,,,,,,,,,
22.       ,Aḥmad b. Khālid b. Mūsā al-Wahbī al-Kindī,احمد بن خالد بن موسى الوهبي,72,8435,WAKMW,Y,N,,,New metadata with name and tags. Transmitted (TR1) tagged. Fully tagged on all passages (6/12/23).,,,,,,,,,,,,,,,,
23.       ,ʿAlāʾ b. Hārūn al-Wāsiṭī,علاء بن هارون الوسطي,2,351,WAHWA,Y,N,,,New metadata with name and tags. Transmitted (TR1) tagged. Fully tagged on all passages (6/12/23).,,,,,,,,,,,,,,,,
24.       ,ʿAlī b. Muḥammad,علي بن محمد,,,WALMU,,,,,6/21/23 Added to epp. Needs to be formatted. ,,,,,,,,,,,,,,,,
25.       ,ʿAlī b. Mujāhid b. Rafīʿ al-Rāzī al-Kindī “Ibn al-Kābilī”,علي بن مجاهد بن رفيع الرازي,20,4589,WAMRR,Y,,,,New metadata with name and tags. Transmitted (TR1) tagged. Fully tagged on all passages. Some passages arranged into story sections (6/13/23).,,,,,,,,,,,,,,,,
26.       ,ʿAlī b. Mushir al-Kūfī al-Qurashī,علي بن مشر الكوفي,2,456,WAMAQ,Y,N,,,New metadata with name and tags. Transmitted (TR1) tagged. Fully tagged on all passages (6/13/23).,,,,,,,,,,,,,,,,
27.       ,ʿAlī b. Thābit,علي بن ثابت,1,121,WALTH,Y,N,,,New metadata with name and tags. Transmitted (TR1) tagged. Fully tagged on all passages (6/13/23).,,,,,,,,,,,,,,,,
28.       ,ʿAmr b. Hāshim (or Hishām) Abū Mālik al-Junubī al-Kūfī,عمرو بن هاشم (او هشام) ابو ملك الجنبي,4,677,WAHJK,Y,Y,,,New metadata with name and tags. Transmitted (TR1) tagged. Fully tagged on all passages. All passages arranged into story-arcs (6/13/23).,,,,,,,,,,,,,,,,
29.       ,Bakr b. Ḥārithah al-Juhanī,بكر بن حارثة الجهني,1,667,WBRKA,Y,Y,,,New file with updated metadata with name and tags. Transmitted (TR1) tagged. Fully tagged on all passages. All passages arranged into story-arcs (6/13/23).,,,,,,,,,,,,,,,,
30.       ,Bakr b. Sulaymān al-Aswārī al-Baṣrī,بكر بن سليمان الاسواري,44,3981,WBSAB,Y,N,,,*** Do a detailed search of SFTX for more quotations***,,,,,,,,,,,,,,,,
,,,,,,,,,,Start SFTXV01P063B for WJHZA and WBSAB search in history section for variations on II name**** finished on #14****,,,,,,,,,,,,,,,,
,,,,,,,,,,,,,,,,,,,,,,,,,,
,,,,,,,,,,New metadata with name and tags. Transmitted (TR1) tagged. Fully tagged on all passages. (6/14/23),,,,,,,,,,,,,,,,
31.       ,al-Faḍl b. Ghānim al-Khazāʿī,الفضل بن غانم الخزاعي,1,320,WFGHK,Y,Y,,,New metadata with name and tags. Transmitted (TR1) tagged. Fully tagged on all passages (6/14/23).,,,,,,,,,,,,,,,,
32.       ,Ghayyāth b. Ibrāhīm Dāwūd al-Awdī al-Baṣrī,غياث بن ابراهيم داود الاودي,1,119,WGHID,Y,Y,,,Newly added to editpad pro. New metadata with name and tags. Transmitted (TR1) tagged. Fully tagged on all passages (6/15/23).,,,,,,,,,,,,,,,,
33.       ,Ḥafṣ b. ʿAbd al-Raḥmān b. ʿAmr b. Farūkh b. Faḍḍālah al-Balkhī al-Faqīh al-Nīsābūri,حفص بن عبد الرحمن بن عمرو بن فروخ بن فضالة,3,433,WHARA,Y,,,,Newly added to editpad pro. New metadata with name and tags. Transmitted (TR1) tagged. Fully tagged on all passages (6/15/23).,,,,,,,,,,,,,,,,
34.       ,Ḥafṣ b. Ghayyāth al-Nakhaʿī al-Kūfī,حفص بن غياث النخعي,3,190,WHGTM,Y,,,,Newly added to editpad pro. New metadata with name and tags. Transmitted (TR1) tagged. Fully tagged on all passages (6/15/23).,,,,,,,,,,,,,,,,
35.       ,al-Ḥajjāj b. Zayd al-Sāmī al-Qurashī al-Baṣrī,الحجاج بن زيد السامي,1,113,WHZSQ,Y,,,,Newly added to editpad pro. New metadata with name and tags. Transmitted (TR1) tagged. Fully tagged on all passages (6/15/23).,,,,,,,,,,,,,,,,
36.       ,Ḥammād b. Salamah b. Dīnār al-Baṣrī,حماد بن سلمة بن دينار البصري,60,6039,WHSDB,Y,N,,,New metadata with name and tags. Transmitted (TR1) tagged. Fully tagged on all passages (6/15/23).,,,,,,,,,,,,,,,,
37.       ,Hārūn b. Abī ʿĪsā al-Shāmī,هبرون بن ابي عيسى الشامي,48,10207,WHACI,,,,,Note: search terms:,,,,,,,,,,,,,,,,
,,,,,,,,,,عبد الله بن هارون بن أبي عيسى/أبيه/اسحاق**,,,,,,,,,,,,,,,,
,,,,,,,,,,عبد الله بن هارون بن أبي عيسى/أبي/اسحاق**,,,,,,,,,,,,,,,,
,,,,,,,,,,عبد الله بن هارون/أبي/اسحاق**,,,,,,,,,,,,,,,,
,,,,,,,,,,عبد الله بن هارون/أبيه/اسحاق**,,,,,,,,,,,,,,,,
,,,,,,,,,,عبد الله/أبيه/بن اسحاق too many possible,,,,,,,,,,,,,,,,
,,,,,,,,,,عبد الله/أبي/بن اسحاق too many possible,,,,,,,,,,,,,,,,
,,,,,,,,,,عبد الله/أبيه/ابن اسحاق too many possible,,,,,,,,,,,,,,,,
,,,,,,,,,,عبد الله/أبي/ابن اسحاق too many possible,,,,,,,,,,,,,,,,
,,,,,,,,,,عمر بن هارون بن أبي عيسى//اسحاق**,,,,,,,,,,,,,,,,
,,,,,,,,,,عمر بن هارون/ابي/اسحاق**,,,,,,,,,,,,,,,,
,,,,,,,,,,عمر بن هارون/ابيه/اسحاق**,,,,,,,,,,,,,,,,
,,,,,,,,,,معاذ بن هارون بن أبي عيسى**,,,,,,,,,,,,,,,,
,,,,,,,,,,معاذ/هارون بن أبي عيسى**,,,,,,,,,,,,,,,,
,,,,,,,,,,هارون بن أبي عيسى/اسحاق **,,,,,,,,,,,,,,,,
,,,,,,,,,,ابن ابي عيسى/اسحاق**,,,,,,,,,,,,,,,,
,,,,,,,,,,هارون بن عيسى/اسحاق**,,,,,,,,,,,,,,,,
,,,,,,,,,,هارون الشامي/ابن اسحاق**,,,,,,,,,,,,,,,,
,,,,,,,,,,هارون الشامي/بن اسحاق**,,,,,,,,,,,,,,,,
,,,,,,,,,,هارون/ابن اسحاق too many possible,,,,,,,,,,,,,,,,
,,,,,,,,,,هارون/بن اسحاق too many possible,,,,,,,,,,,,,,,,
,,,,,,,,,,الشامي/ابن اسحاق too many possible,,,,,,,,,,,,,,,,
,,,,,,,,,,الشامي/بن اسحاق too many possible,,,,,,,,,,,,,,,,
,,,,,,,,,,ابو عبد الله الشامي/ابن اسحاق**,,,,,,,,,,,,,,,,
,,,,,,,,,,ابو عبد الله الشامي/بن اسحاق**,,,,,,,,,,,,,,,,
,,,,,,,,,,,,,,,,,,,,,,,,,,
,,,,,,,,,,(6/15/23) New metadata with name and tags. Transmitted (TR1)  and (TR2) tagged. Fully tagged on all passages. Corrected diacritics in comments. ,,,,,,,,,,,,,,,,
38.       ,al-Ḥasan b. Aḥmad b. Shuʿayb al-Ḥarrānī,الحسن بن احمد بن شعيب الحراني,1,332,WHASH,Y,Y,,,6/15/23 New metadata with name and tags. Transmitted (TR1) tagged. Fully tagged on all passages. ,,,,,,,,,,,,,,,,
39.       ,Hushaym b. Bashīr b. al-Qāsim b. Dīnār al-Salamī,هشيم بن بشير بن القاسم بن دينار,11,1129,WHBQD,,,,,6/15/23 New metadata with name and tags. Transmitted (TR1) tagged. Fully tagged on all passages.,,,,,,,,,,,,,,,,
40.       ,"Ibn al-Mubārak, Abū ʿAbd al-Raḥmān ʿAbd Allāh b. Mubārak",ابن المبارك ابو عبد الرحمن ,10,1153,WIBMK,Y,N,,,Also listed as أبو معاوية,,,,,,,,,,,,,,,,
,,,,,,,,,,عبد الله بن المبارك,,,,,,,,,,,,,,,,
,,,,,,,,,,ابن المبارك,,,,,,,,,,,,,,,,
,,,,,,,,,,,,,,,,,,,,,,,,,,
,,,,,,,,,,6/16/23 New metadata with name and tags. Transmitted (TR1) tagged. Fully tagged on all passages.,,,,,,,,,,,,,,,,
41.       ,Ibrāhīm b. al-Mukhtār al-Tamīmī al-Rāzī,ابراهيم بن المختبار الميمي الرازي,44,3709,WIMTR,Y,,,,إبراهيم بن المختار  (run complete on 6/18/23).,,,,,,,,,,,,,,,,
,,,,,,,,,,Also try وإبراهيم بن المختار,,,,,,,,,,,,,,,,
,,,,,,,,,,ابن المختار,,,,,,,,,,,,,,,,
,,,,,,,,,,6/19/23: 25 new passages added on 6/19/23 on search for إبراهيم بن المختار .,,,,,,,,,,,,,,,,
42.       ,Ibrāhīm b. Saʿd b. Ibrāhīm b. ʿAbd al-Raḥmān al-Madinī al-Zuhrī,ابراهيم بن سعد بن ابراهيم بن عبد الرحمن ,1122,157909,WSACD,Y,Y,,,NOTE: Line 1 contains the formatted and arranged narrative passages.,,,,,,,,,,,,,,,,
,,,263,26260,“,Y,Y,,,Line 2 are those passages formatted and arranged into bios that do not clearly fit into the narrative.,,,,,,,,,,,,,,,,
,,,144,16293,“,Y,Y,,,Line 3 contains passages formatted and arranged by fiqh-ic content that do not yet fit into narrative.,,,,,,,,,,,,,,,,
,,,254,15469,“,,,,,Fine for are the remaining passages that are formatted but not yet arranged into narrative. 215931 words total as of  6/19/23.,,,,,,,,,,,,,,,,
43.       ,Ibrāhīm b. Ṭahmān b. Shuʿbah al-Khurāsānī al-Harawī,ابراهيم بن طهمان بن شعبة,,,WITSK,,,,,6/21/23 file added to epp. Needs to be formatted and organized. ,,,,,,,,,,,,,,,,
44.       ,ʿĪsā b. Maysarah al-Rāzī,عيسى بن ميسرة الرازي,,,WIMRZ,,,,,,,,,,,,,,,,,,,,,
45.       ,ʿĪsā b. Yūnus b. Abī Isḥāq al-Sabīʿī al-Kufī ****,عسى بن يونس بن ابي اسحاق السبيعي,,,WIYAS,,,,,,,,,,,,,,,,,,,,,
46.       ,"Isḥāq b. Bashr b. Muḥammad b. ʿAbd Allāh b. Sālim, Abū Ḥudhayfah al-Bukhārī",اسحاق بن بشر بن محمد بن عيد الله,,,WIBMA,,,,,6/21/23 Added to epp. Needs to be formatted and arranged. ,,,,,,,,,,,,,,,,
47.       ,Ismāʿīl b. Abī Uways,اسماعيل بن ابي اويس,,,WISAU,,,,,6/21/23 Added to epp. Needs to be formatted and arranged.,,,,,,,,,,,,,,,,
48.       ,Ismāʿīl b. ʿAyyāsh b. Sulaym al-ʿAnsī al-Ḥumṣī,اسماعيل بن عياش بن سليم العنسي,,,WIASA,,,,,,,,,,,,,,,,,,,,,
49.       ,Ismāʿīl b. Ibrāhīm b. Muḥammad b. Ṭalḥah al-Ḥijāzī,اسماعيل بن ابراهيم بن محمد,,,WISIB,,,,,,,,,,,,,,,,,,,,,
50.       ,Ismāʿīl b. Jaʿfar b. Abī Kathīr al-Madinī al-Anṣārī,اسماعيل بن جعفر بن ابي كثير,,,WIJAK,,,,,6/21/23 Added to epp. Needs to be formatted and arranged.,,,,,,,,,,,,,,,,
51.       ,Ismāʿīl b. ʿUlayah,اسماعيل بن علية,,,WISUL,,,,,,,,,,,,,,,,,,,,,
52.       ,Jaʿfar b. al-Ḥārith b. ʿUmārah al-Nikhaʿī,جعفر بن الحارث بن عمارة النخعي,,,WJHUN,,,,,6/21/23 new passage added. Text needs to be formatted and arranged. ,,,,,,,,,,,,,,,,
53.       ,Jarīr b. ʿAbd al-Ḥamīd al-Ḍabbī,جرير بن عبد الحميد الضبي,,,WJAHD,,,,,6/21/23 new passage added. Text needs to be formatted and arranged.,,,,,,,,,,,,,,,,
54.       ,Jarīr b. Ḥāzim b. Zayd b. ʿAbd Allāh b. Shajāʿ al-Azdī al-ʿAtkī al-Baṣrī,جرير بن حازم ,,,WJHZA,,,,,,,,,,,,,,,,,,,,,
55.       ,Karāmah bint Muḥammad b. Isḥāq b. Yasār,كرامة بنت محمد بن اسحاق بن يسار,,,WKMIY,,,,,6/21/23 new passage added. Text needs to be formatted and arranged.,,,,,,,,,,,,,,,,
56.       ,Lūṭ b. Yaḥyā b. Saʿīd b. Mikhnaf al-Azdī Abū Mikhnaf,لوط بن يحيى بن سعيد بن مخنف,,,WLYSN,,,,,,,,,,,,,,,,,,,,,
57.       ,Mandal (ʿAmr) b. ʿAlī al-ʿAnzī al-Kūfī,مندل (عمرو) بن علي العنزي,,,WMAAK,,,,,,,,,,,,,,,,,,,,,
58.       ,Masʿūd b. Saʿd al-Juʿfī al-Kūfī,مسعود بن سعد الجعفي,,,WMSJK,,,,,,,,,,,,,,,,,,,,,
59.       ,Mughīrah b. Siqlāb,مغيرة بن سقلاب,,,WMGHS,,,,,,,,,,,,,,,,,,,,,
60.       ,Muḥammad b. ʿAbd Allāh al-Jawharī,محمد بن عبد الله الجوهري,,,WMAAJ,,,,,6/21/23 new passage added. Text needs to be formatted and arranged.,,,,,,,,,,,,,,,,
61.       ,Muḥammad b. Abī ʿAdī (Ibrāhīm) al-Baṣrī,محمد بن ابي عدي,,,WMAAI,,,,,,,,,,,,,,,,,,,,,
62.       ,Muḥammad b. ʿAmr b. ʿAwwan al-Wāsiṭī Abū ʿAwwan,محمد بن عمرو بن عون,,,WMAAW,,,,,,,,,,,,,,,,,,,,,
63.       ,Muḥammad b. Fuḍayl b. Ghazwān b. Jarīr al-Ḍabbī al-Kūfī,محمد بن فضيل بن غزوان,,,WMFGH,,,,,,,,,,,,,,,,,,,,,
64.       ,Muḥammad b. al-Ḥajjāj al-Lakhmī,محمد بن الحجاج اللخمي,,,WMHAL,,,,,,,,,,,,,,,,,,,,,
65.       ,Muḥammad b. Ḥasan,محمد بن حسن,,,WMHHA,,,,,,,,,,,,,,,,,,,,,
66.       ,"Muḥammad b. Ismāʿīl b. Muslim b. Abī Fadayk, Abū Ismāʿīl",محمد بن اسماعيل بن مسلم بن ابي فديك,,,WUISL,,,,,6/22/23 file add to epp. Needs to be formatted and arranged. ,,,,,,,,,,,,,,,,
67.       ,Muḥammad b. Kaʿb b. Salīm b. Asad al-Quraẓī al-Madinī AKA: Abū Ḥamzah,محمد بن كعب بن سليم بن اسد ابو حمزة,,,WMKSQ,,,,,,,,,,,,,,,,,,,,,
68.       ,"Muḥammad b. Khāzim al-Ḍarīr, Abū Muʿāwiyah",محمد بن خازم الضرير,,,WMKHZ,,,,,6/22/23 file add to epp. Needs to be formatted and arranged.,,,,,,,,,,,,,,,,
69.       ,Muḥammad b. Khālid al-Wahbī,محمد بن خالد الوهبي,,,WMKHW,,,,,,,,,,,,,,,,,,,,,
70.       ,Muḥammad b. Muʿallā al-Razī al-Azdī,محمد بن معلى (معلا) الرازي,,,WMMRA,,,,,,,,,,,,,,,,,,,,,
71.       ,Muḥammad b. Maslamah al-Makhzūmī al-Madīnī,محمد بن مسلمة المخزومي,,,WMMAH,,,,,,,,,,,,,,,,,,,,,
72.       ,Muḥammad b. Naṣr,محمد بن نصر,,,WMHNS,,,,,,,,,,,,,,,,,,,,,
73.       ,Muḥammad b. Salamah b. ʿAbd Allāh al-Bāhilī al-Ḥarrānī,محمد بن سلمة بن عبد الله الباهلي,,,WMSAH,,,,,محمد هو ابن سلمة,,,,,,,,,,,,,,,,
,,,,,,,,,,محمد بن سلمة الحراني,,,,,,,,,,,,,,,,
74.       ,Muḥammad b. ʿUbayd b. Abī Umayyah ʿAbd al-Raḥmān al-Īyādī al-Ṭanāfisī al-Kūfī,محمد بن عبيد بن ابي امية,,,WMUTK,,,,,,,,,,,,,,,,,,,,,
75.       ,Muḥammad b. Yaḥyā from “one I trust”,محمد بن يحيى,,,WMYFT,,,,,6/22/23 added to epp from text file. Needs to be formatted and arranged. ,,,,,,,,,,,,,,,,
76.       ,Muḥammad b. Yazīd al-Kalāʿī al-Wāsiṭī,محمد بن يزيد الكلاعي,,,WMYKA,,,,,,,,,,,,,,,,,,,,,
77.       ,Mujāhid b. Jabr al-Makkī,مجاهد بن جبر المكي,,,WMJAH,,,,,,,,,,,,,,,,,,,,,
78.       ,Mūsā b. ʿUqbah,موسى بن عقبة,,,WMUUQ,,,,,,,,,,,,,,,,,,,,,
79.       ,Muthannā b. Zurʿah al-Baṣrī,مثنى بن زرعة البصري,,,WMZAR,,,,,6/21/23 reconciled text file with epp file. ,,,,,,,,,,,,,,,,
80.       ,Nuʿmān b. Thābit b. Zūṭā b. Marzubān Abū Ḥanīfah,ابو حنيفة ,,,WNTZM,,,,,,,,,,,,,,,,,,,,,
81.       ,Saʿdān Saʿīd b. Yaḥyā b. Ṣāliḥ al-Lakhmī al-Kūfī ,سعدان سعيد بن يحيى بن صالح,,,WSYSL,,,,,,,,,,,,,,,,,,,,,
82.       ,Ṣadaqah b. Sābiq al-Muqʿad,صدقة بن سابق المقعد,,,WSSAA,,,,,,,,,,,,,,,,,,,,,
83.       ,Saʿīd b. Bazīʿ,سعيد بن بزيع,,,WSABZ,,,,,,,,,,,,,,,,,,,,,
84.       ,Salamah b. al-Faḍl al-Abrash al-Azraqī al-Anṣārī al-Rāzī,سلمة بن الفضل الابرش الرازي,,,WSFAB,,,,,,,,,,,,,,,,,,,,,
85.       ,Salamah b. Rajāʾ al-Tamīmī al-Kūfī ,سلمة بن رجاء,,,WSRTK,,,,,,,,,,,,,,,,,,,,,
86.       ,Ṣāliḥ b. Abī al-Aswad,صالح بن ابي الاسود,,,WSAAS,,,,,,,,,,,,,,,,,,,,,
87.       ,Sharīk b. ʿAbd Allāh b. Abī Sharīk al-Najaʿī al-Kūfī,شريك بن عبد الله بن ابي شريك النجعي,,,WSASN,,,,,,,,,,,,,,,,,,,,,
88.       ,Shuʿbah b. al-Ḥajjāj b. al-Ward al-ʿAtkī al-Azdī al-Wāsiṭī,شعبه بن الحجاج بن الورد,,,WSHHW,,,,,,,,,,,,,,,,,,,,,
89.       ,Sufyān al-Thawrī al-Kūfī,سفيان الثوري,,,WSTHR,,,,,,,,,,,,,,,,,,,,,
90.       ,Sufyān b. ʿUyaynah,سفيان بن عيينة,,,WSUAI,,,,,,,,,,,,,,,,,,,,,
91.       ,Sulaymān b. Ḥayyān al-Azdī al-Aḥmar al-Kūfī al-Jaʿfarī,سليمان بن حيان اللزدي,,,WSHAK,,,,,,,,,,,,,,,,,,,,,
92.       ,ʿUmar b. Ḥabīb,عمر بن حبيب,,,WUMHA,,,,,,,,,,,,,,,,,,,,,
93.       ,ʿUthmān b. ʿAmr b. Sājj al-Qurashī,عثمان بن عمرو بن ساج,,,WUASQ,,,,,,,,,,,,,,,,,,,,,
94.       ,Yaḥyā b. Muḥammad b. ʿAbbād b. Hānī al-Shajarī al-Madinī,يحيى بن محمد بن عباد بن هاني,,,WYMSH,,,,,,,,,,,,,,,,,,,,,
95.       ,Yaḥyā b. Muḥammad b. Hānīʾi,يحيى بن محمد بن هاني,,,WYMHA,,,,,,,,,,,,,,,,,,,,,
96.       ,Yaḥyā b. Saʿīd b. Abān al-Qurashī al-Umawī al-Kūfī,يحيى بن سعيد بن ابان,,,WYSAU,,,,,,,,,,,,,,,,,,,,,
97.       ,Yaḥyā b. Sulaymān al-Madīnī,يحيى بن سليمان المديني,,,WYSMS,,,,,,,,,,,,,,,,,,,,,
98.       ,Yaḥyā b. Wāḍiḥ al-Anṣārī Abū Tumaylah ,يحيى بن واضح الاصاري ابو تميلة,,,WYWAT,,,,,,,,,,,,,,,,,,,,,
99.       ,Yaʿlā b. ʿUbayd b. Abī Umayyah al-Īyādī al-Tanāfisī al-Kūfī,يعلى بن عبيد بن ابي امية,,,WYUAU,,,,,,,,,,,,,,,,,,,,,
100.    ,Yaʿqūb b. Ibrāhīm,يعقوب بن ابراهيم,,,WYIAY,,,,,,,,,,,,,,,,,,,,,
101.    ,Yazīd b. Abī Ḥabīb (Suwayd) al-Azdī al-Miṣrī,,,,WYAHA,,,,,,,,,,,,,,,,,,,,,
102.    ,Yazīd b. Hārūn al-Wāsiṭī,,,,WHAYA,,,,,,,,,,,,,,,,,,,,,
103.    ,Yazīd b. Zurayʿ al-ʿAyshī al-Baṣrī,,,,WYZAA,,,,,,,,,,,,,,,,,,,,,
104.    ,Yūnus b. Bukayr b. Wāṣil al-Shaybānī al-Jamāl al-Kūfī,,,,WYBWS,,,,,,,,,,,,,,,,,,,,,
105.    ,Yūnus b. Yazīd b. Abī al-Najjād al-Aylī al-Qurashī,,,,WYZNA,,,,,,,,,,,,,,,,,,,,,
106.    ,al-Waḍāḥ b. ʿAbd Allāh al-Yashkarī al-Wāsiṭī al-Bazzāz,,,,WWAAA,,,,,,,,,,,,,,,,,,,,,
107.    ,Zakarīyā b. Abī Zāʾidah,,,,WZAZA,,,,,,,,,,,,,,,,,,,,,
108.    ,Ziyād b. ʿAbd Allāh b. al-Ṭufayl al-Kūfī al-Bakkāʾī al-ʿĀmirī,,,,WZATB,,,,,,,,,,,,,,,,,,,,,
109.    ,Zuhayr b. Muʿāwiyah b. Ḥudayj al-Juʿfī al-Kūfī,,,,WZMHR,,,,,,,,,,,,,,,,,,,,,
,,,,,,,,,,,,,,,,,,,,,,,,,,
,,,,,,,,,,,,,,,,,,,,,,,,,,
,,,,,,,,,,,,,,,,,,,,,,,,,,
,,,,,,,,,,,,,,,,,,,,,,,,,,
,,,,,,,,,,,,,,,,,,,,,,,,,,
,,,,,,,,,,,,,,,,,,,,,,,,,,
,,,,,,,,,,,,,,,,,,,,,,,,,,
,,,,,,,,,,,,,,,,,,,,,,,,,,
,,,,,,,,,,,,,,,,,,,,,,,,,,
,,,,,,,,,,,,,,,,,,,,,,,,,,
,,,,,,,,,,,,,,,,,,,,,,,,,,
,,,,,,,,,,,,,,,,,,,,,,,,,,
,,,,,,,,,,,,,,,,,,,,,,,,,,
,,,,,,,,,,,,,,,,,,,,,,,,,,
,,,,,,,,,,,,,,,,,,,,,,,,,,
,,,,,,,,,,,,,,,,,,,,,,,,,,
,,,,,,,,,,,,,,,,,,,,,,,,,,
,,,,,,,,,,,,,,,,,,,,,,,,,,
,,,,,,,,,,,,,,,,,,,,,,,,,,
,,,,,,,,,,,,,,,,,,,,,,,,,,
,,,,,,,,,,,,,,,,,,,,,,,,,,
,,,,,,,,,,,,,,,,,,,,,,,,,,
,,,,,,,,,,,,,,,,,,,,,,,,,,
,,,,,,,,,,,,,,,,,,,,,,,,,,
,,,,,,,,,,,,,,,,,,,,,,,,,,
,,,,,,,,,,,,,,,,,,,,,,,,,,
,,,,,,,,,,,,,,,,,,,,,,,,,,
,,,,,,,,,,,,,,,,,,,,,,,,,,
,,,,,,,,,,,,,,,,,,,,,,,,,,
,,,,,,,,,,,,,,,,,,,,,,,,,,
,,,,,,,,,,,,,,,,,,,,,,,,,,
,,,,,,,,,,,,,,,,,,,,,,,,,,
,,,,,,,,,,,,,,,,,,,,,,,,,,
,,,,,,,,,,,,,,,,,,,,,,,,,,
,,,,,,,,,,,,,,,,,,,,,,,,,,
,,,,,,,,,,,,,,,,,,,,,,,,,,
,,,,,,,,,,,,,,,,,,,,,,,,,,
,,,,,,,,,,,,,,,,,,,,,,,,,,
,,,,,,,,,,,,,,,,,,,,,,,,,,
,,,,,,,,,,,,,,,,,,,,,,,,,,
,,,,,,,,,,,,,,,,,,,,,,,,,,
,,,,,,,,,,,,,,,,,,,,,,,,,,
,,,,,,,,,,,,,,,,,,,,,,,,,,
,,,,,,,,,,,,,,,,,,,,,,,,,,
,,,,,,,,,,,,,,,,,,,,,,,,,,
,,,,,,,,,,,,,,,,,,,,,,,,,,
,,,,,,,,,,,,,,,,,,,,,,,,,,
,,,,,,,,,,,,,,,,,,,,,,,,,,
,,,,,,,,,,,,,,,,,,,,,,,,,,
,,,,,,,,,,,,,,,,,,,,,,,,,,
,,,,,,,,,,,,,,,,,,,,,,,,,,
,,,,,,,,,,,,,,,,,,,,,,,,,,
,,,,,,,,,,,,,,,,,,,,,,,,,,
,,,,,,,,,,,,,,,,,,,,,,,,,,
,,,,,,,,,,,,,,,,,,,,,,,,,,
,,,,,,,,,,,,,,,,,,,,,,,,,,
,,,,,,,,,,,,,,,,,,,,,,,,,,
,,,,,,,,,,,,,,,,,,,,,,,,,,
,,,,,,,,,,,,,,,,,,,,,,,,,,
,,,,,,,,,,,,,,,,,,,,,,,,,,
,,,,,,,,,,,,,,,,,,,,,,,,,,
,,,,,,,,,,,,,,,,,,,,,,,,,,
,,,,,,,,,,,,,,,,,,,,,,,,,,
,,,,,,,,,,,,,,,,,,,,,,,,,,
,,,,,,,,,,,,,,,,,,,,,,,,,,
,,,,,,,,,,,,,,,,,,,,,,,,,,
,,,,,,,,,,,,,,,,,,,,,,,,,,
,,,,,,,,,,,,,,,,,,,,,,,,,,
,,,,,,,,,,,,,,,,,,,,,,,,,,
,,,,,,,,,,,,,,,,,,,,,,,,,,
,,,,,,,,,,,,,,,,,,,,,,,,,,
,,,,,,,,,,,,,,,,,,,,,,,,,,
,,,,,,,,,,,,,,,,,,,,,,,,,,
,,,,,,,,,,,,,,,,,,,,,,,,,,
,,,,,,,,,,,,,,,,,,,,,,,,,,
,,,,,,,,,,,,,,,,,,,,,,,,,,
,,,,,,,,,,,,,,,,,,,,,,,,,,
,,,,,,,,,,,,,,,,,,,,,,,,,,
,,,,,,,,,,,,,,,,,,,,,,,,,,
,,,,,,,,,,,,,,,,,,,,,,,,,,
,,,,,,,,,,,,,,,,,,,,,,,,,,
,,,,,,,,,,,,,,,,,,,,,,,,,,
,,,,,,,,,,,,,,,,,,,,,,,,,,
,,,,,,,,,,,,,,,,,,,,,,,,,,
,,,,,,,,,,,,,,,,,,,,,,,,,,
,,,,,,,,,,,,,,,,,,,,,,,,,,
,,,,,,,,,,,,,,,,,,,,,,,,,,
,,,,,,,,,,,,,,,,,,,,,,,,,,
,,,,,,,,,,,,,,,,,,,,,,,,,,
,,,,,,,,,,,,,,,,,,,,,,,,,,
,,,,,,,,,,,,,,,,,,,,,,,,,,
,,,,,,,,,,,,,,,,,,,,,,,,,,
,,,,,,,,,,,,,,,,,,,,,,,,,,
,,,,,,,,,,,,,,,,,,,,,,,,,,
,,,,,,,,,,,,,,,,,,,,,,,,,,
,,,,,,,,,,,,,,,,,,,,,,,,,,
,,,,,,,,,,,,,,,,,,,,,,,,,,
,,,,,,,,,,,,,,,,,,,,,,,,,,
,,,,,,,,,,,,,,,,,,,,,,,,,,
,,,,,,,,,,,,,,,,,,,,,,,,,,
,,,,,,,,,,,,,,,,,,,,,,,,,,
,,,,,,,,,,,,,,,,,,,,,,,,,,
,,,,,,,,,,,,,,,,,,,,,,,,,,
,,,,,,,,,,,,,,,,,,,,,,,,,,
,,,,,,,,,,,,,,,,,,,,,,,,,,
,,,,,,,,,,,,,,,,,,,,,,,,,,
,,,,,,,,,,,,,,,,,,,,,,,,,,
,,,,,,,,,,,,,,,,,,,,,,,,,,
,,,,,,,,,,,,,,,,,,,,,,,,,,
,,,,,,,,,,,,,,,,,,,,,,,,,,
,,,,,,,,,,,,,,,,,,,,,,,,,,
,,,,,,,,,,,,,,,,,,,,,,,,,,
,,,,,,,,,,,,,,,,,,,,,,,,,,
,,,,,,,,,,,,,,,,,,,,,,,,,,
,,,,,,,,,,,,,,,,,,,,,,,,,,
,,,,,,,,,,,,,,,,,,,,,,,,,,
,,,,,,,,,,,,,,,,,,,,,,,,,,
,,,,,,,,,,,,,,,,,,,,,,,,,,
,,,,,,,,,,,,,,,,,,,,,,,,,,
,,,,,,,,,,,,,,,,,,,,,,,,,,
,,,,,,,,,,,,,,,,,,,,,,,,,,
,,,,,,,,,,,,,,,,,,,,,,,,,,
,,,,,,,,,,,,,,,,,,,,,,,,,,
,,,,,,,,,,,,,,,,,,,,,,,,,,
,,,,,,,,,,,,,,,,,,,,,,,,,,
,,,,,,,,,,,,,,,,,,,,,,,,,,
,,,,,,,,,,,,,,,,,,,,,,,,,,
,,,,,,,,,,,,,,,,,,,,,,,,,,
,,,,,,,,,,,,,,,,,,,,,,,,,,
,,,,,,,,,,,,,,,,,,,,,,,,,,
,,,,,,,,,,,,,,,,,,,,,,,,,,
,,,,,,,,,,,,,,,,,,,,,,,,,,
,,,,,,,,,,,,,,,,,,,,,,,,,,
,,,,,,,,,,,,,,,,,,,,,,,,,,
,,,,,,,,,,,,,,,,,,,,,,,,,,
,,,,,,,,,,,,,,,,,,,,,,,,,,
,,,,,,,,,,,,,,,,,,,,,,,,,,
,,,,,,,,,,,,,,,,,,,,,,,,,,
,,,,,,,,,,,,,,,,,,,,,,,,,,
,,,,,,,,,,,,,,,,,,,,,,,,,,
,,,,,,,,,,,,,,,,,,,,,,,,,,
,,,,,,,,,,,,,,,,,,,,,,,,,,
,,,,,,,,,,,,,,,,,,,,,,,,,,
,,,,,,,,,,,,,,,,,,,,,,,,,,
,,,,,,,,,,,,,,,,,,,,,,,,,,
,,,,,,,,,,,,,,,,,,,,,,,,,,
,,,,,,,,,,,,,,,,,,,,,,,,,,
,,,,,,,,,,,,,,,,,,,,,,,,,,
,,,,,,,,,,,,,,,,,,,,,,,,,,
,,,,,,,,,,,,,,,,,,,,,,,,,,
,,,,,,,,,,,,,,,,,,,,,,,,,,
,,,,,,,,,,,,,,,,,,,,,,,,,,
,,,,,,,,,,,,,,,,,,,,,,,,,,
,,,,,,,,,,,,,,,,,,,,,,,,,,
,,,,,,,,,,,,,,,,,,,,,,,,,,
,,,,,,,,,,,,,,,,,,,,,,,,,,
,,,,,,,,,,,,,,,,,,,,,,,,,,
,,,,,,,,,,,,,,,,,,,,,,,,,,
,,,,,,,,,,,,,,,,,,,,,,,,,,
,,,,,,,,,,,,,,,,,,,,,,,,,,
,,,,,,,,,,,,,,,,,,,,,,,,,,
,,,,,,,,,,,,,,,,,,,,,,,,,,
,,,,,,,,,,,,,,,,,,,,,,,,,,
,,,,,,,,,,,,,,,,,,,,,,,,,,
,,,,,,,,,,,,,,,,,,,,,,,,,,
,,,,,,,,,,,,,,,,,,,,,,,,,,
,,,,,,,,,,,,,,,,,,,,,,,,,,
,,,,,,,,,,,,,,,,,,,,,,,,,,
,,,,,,,,,,,,,,,,,,,,,,,,,,
,,,,,,,,,,,,,,,,,,,,,,,,,,
,,,,,,,,,,,,,,,,,,,,,,,,,,
,,,,,,,,,,,,,,,,,,,,,,,,,,
,,,,,,,,,,,,,,,,,,,,,,,,,,
,,,,,,,,,,,,,,,,,,,,,,,,,,
,,,,,,,,,,,,,,,,,,,,,,,,,,
,,,,,,,,,,,,,,,,,,,,,,,,,,
,,,,,,,,,,,,,,,,,,,,,,,,,,
,,,,,,,,,,,,,,,,,,,,,,,,,,
,,,,,,,,,,,,,,,,,,,,,,,,,,
,,,,,,,,,,,,,,,,,,,,,,,,,,
,,,,,,,,,,,,,,,,,,,,,,,,,,
,,,,,,,,,,,,,,,,,,,,,,,,,,
,,,,,,,,,,,,,,,,,,,,,,,,,,
,,,,,,,,,,,,,,,,,,,,,,,,,,
,,,,,,,,,,,,,,,,,,,,,,,,,,
,,,,,,,,,,,,,,,,,,,,,,,,,,
,,,,,,,,,,,,,,,,,,,,,,,,,,
,,,,,,,,,,,,,,,,,,,,,,,,,,
,,,,,,,,,,,,,,,,,,,,,,,,,,
,,,,,,,,,,,,,,,,,,,,,,,,,,
,,,,,,,,,,,,,,,,,,,,,,,,,,
,,,,,,,,,,,,,,,,,,,,,,,,,,
,,,,,,,,,,,,,,,,,,,,,,,,,,
,,,,,,,,,,,,,,,,,,,,,,,,,,
,,,,,,,,,,,,,,,,,,,,,,,,,,
,,,,,,,,,,,,,,,,,,,,,,,,,,
,,,,,,,,,,,,,,,,,,,,,,,,,,
,,,,,,,,,,,,,,,,,,,,,,,,,,
,,,,,,,,,,,,,,,,,,,,,,,,,,
,,,,,,,,,,,,,,,,,,,,,,,,,,
,,,,,,,,,,,,,,,,,,,,,,,,,,
,,,,,,,,,,,,,,,,,,,,,,,,,,
,,,,,,,,,,,,,,,,,,,,,,,,,,
,,,,,,,,,,,,,,,,,,,,,,,,,,
,,,,,,,,,,,,,,,,,,,,,,,,,,
,,,,,,,,,,,,,,,,,,,,,,,,,,
,,,,,,,,,,,,,,,,,,,,,,,,,,
,,,,,,,,,,,,,,,,,,,,,,,,,,
,,,,,,,,,,,,,,,,,,,,,,,,,,
,,,,,,,,,,,,,,,,,,,,,,,,,,
,,,,,,,,,,,,,,,,,,,,,,,,,,
,,,,,,,,,,,,,,,,,,,,,,,,,,
,,,,,,,,,,,,,,,,,,,,,,,,,,
,,,,,,,,,,,,,,,,,,,,,,,,,,
,,,,,,,,,,,,,,,,,,,,,,,,,,
,,,,,,,,,,,,,,,,,,,,,,,,,,
,,,,,,,,,,,,,,,,,,,,,,,,,,
,,,,,,,,,,,,,,,,,,,,,,,,,,
,,,,,,,,,,,,,,,,,,,,,,,,,,
,,,,,,,,,,,,,,,,,,,,,,,,,,
,,,,,,,,,,,,,,,,,,,,,,,,,,
,,,,,,,,,,,,,,,,,,,,,,,,,,
,,,,,,,,,,,,,,,,,,,,,,,,,,
,,,,,,,,,,,,,,,,,,,,,,,,,,
,,,,,,,,,,,,,,,,,,,,,,,,,,
,,,,,,,,,,,,,,,,,,,,,,,,,,
,,,,,,,,,,,,,,,,,,,,,,,,,,
,,,,,,,,,,,,,,,,,,,,,,,,,,
,,,,,,,,,,,,,,,,,,,,,,,,,,
,,,,,,,,,,,,,,,,,,,,,,,,,,
,,,,,,,,,,,,,,,,,,,,,,,,,,
,,,,,,,,,,,,,,,,,,,,,,,,,,
,,,,,,,,,,,,,,,,,,,,,,,,,,
,,,,,,,,,,,,,,,,,,,,,,,,,,
,,,,,,,,,,,,,,,,,,,,,,,,,,
,,,,,,,,,,,,,,,,,,,,,,,,,,
,,,,,,,,,,,,,,,,,,,,,,,,,,
,,,,,,,,,,,,,,,,,,,,,,,,,,
,,,,,,,,,,,,,,,,,,,,,,,,,,
,,,,,,,,,,,,,,,,,,,,,,,,,,
,,,,,,,,,,,,,,,,,,,,,,,,,,
,,,,,,,,,,,,,,,,,,,,,,,,,,
,,,,,,,,,,,,,,,,,,,,,,,,,,
,,,,,,,,,,,,,,,,,,,,,,,,,,
,,,,,,,,,,,,,,,,,,,,,,,,,,
,,,,,,,,,,,,,,,,,,,,,,,,,,
,,,,,,,,,,,,,,,,,,,,,,,,,,
,,,,,,,,,,,,,,,,,,,,,,,,,,
,,,,,,,,,,,,,,,,,,,,,,,,,,
,,,,,,,,,,,,,,,,,,,,,,,,,,
,,,,,,,,,,,,,,,,,,,,,,,,,,
,,,,,,,,,,,,,,,,,,,,,,,,,,
,,,,,,,,,,,,,,,,,,,,,,,,,,
,,,,,,,,,,,,,,,,,,,,,,,,,,
,,,,,,,,,,,,,,,,,,,,,,,,,,
,,,,,,,,,,,,,,,,,,,,,,,,,,
,,,,,,,,,,,,,,,,,,,,,,,,,,
,,,,,,,,,,,,,,,,,,,,,,,,,,
,,,,,,,,,,,,,,,,,,,,,,,,,,
,,,,,,,,,,,,,,,,,,,,,,,,,,
,,,,,,,,,,,,,,,,,,,,,,,,,,
,,,,,,,,,,,,,,,,,,,,,,,,,,
,,,,,,,,,,,,,,,,,,,,,,,,,,
,,,,,,,,,,,,,,,,,,,,,,,,,,
,,,,,,,,,,,,,,,,,,,,,,,,,,
,,,,,,,,,,,,,,,,,,,,,,,,,,
,,,,,,,,,,,,,,,,,,,,,,,,,,
,,,,,,,,,,,,,,,,,,,,,,,,,,
,,,,,,,,,,,,,,,,,,,,,,,,,,
,,,,,,,,,,,,,,,,,,,,,,,,,,
,,,,,,,,,,,,,,,,,,,,,,,,,,
,,,,,,,,,,,,,,,,,,,,,,,,,,
,,,,,,,,,,,,,,,,,,,,,,,,,,
,,,,,,,,,,,,,,,,,,,,,,,,,,
,,,,,,,,,,,,,,,,,,,,,,,,,,
,,,,,,,,,,,,,,,,,,,,,,,,,,
,,,,,,,,,,,,,,,,,,,,,,,,,,
,,,,,,,,,,,,,,,,,,,,,,,,,,
,,,,,,,,,,,,,,,,,,,,,,,,,,
,,,,,,,,,,,,,,,,,,,,,,,,,,
,,,,,,,,,,,,,,,,,,,,,,,,,,
,,,,,,,,,,,,,,,,,,,,,,,,,,
,,,,,,,,,,,,,,,,,,,,,,,,,,
,,,,,,,,,,,,,,,,,,,,,,,,,,
,,,,,,,,,,,,,,,,,,,,,,,,,,
,,,,,,,,,,,,,,,,,,,,,,,,,,
,,,,,,,,,,,,,,,,,,,,,,,,,,
,,,,,,,,,,,,,,,,,,,,,,,,,,
,,,,,,,,,,,,,,,,,,,,,,,,,,
,,,,,,,,,,,,,,,,,,,,,,,,,,
,,,,,,,,,,,,,,,,,,,,,,,,,,
,,,,,,,,,,,,,,,,,,,,,,,,,,
,,,,,,,,,,,,,,,,,,,,,,,,,,
,,,,,,,,,,,,,,,,,,,,,,,,,,
,,,,,,,,,,,,,,,,,,,,,,,,,,
,,,,,,,,,,,,,,,,,,,,,,,,,,
,,,,,,,,,,,,,,,,,,,,,,,,,,
,,,,,,,,,,,,,,,,,,,,,,,,,,
,,,,,,,,,,,,,,,,,,,,,,,,,,
,,,,,,,,,,,,,,,,,,,,,,,,,,
,,,,,,,,,,,,,,,,,,,,,,,,,,
,,,,,,,,,,,,,,,,,,,,,,,,,,
,,,,,,,,,,,,,,,,,,,,,,,,,,
,,,,,,,,,,,,,,,,,,,,,,,,,,
,,,,,,,,,,,,,,,,,,,,,,,,,,
,,,,,,,,,,,,,,,,,,,,,,,,,,
,,,,,,,,,,,,,,,,,,,,,,,,,,
,,,,,,,,,,,,,,,,,,,,,,,,,,
,,,,,,,,,,,,,,,,,,,,,,,,,,
,,,,,,,,,,,,,,,,,,,,,,,,,,
,,,,,,,,,,,,,,,,,,,,,,,,,,
,,,,,,,,,,,,,,,,,,,,,,,,,,
,,,,,,,,,,,,,,,,,,,,,,,,,,
,,,,,,,,,,,,,,,,,,,,,,,,,,
,,,,,,,,,,,,,,,,,,,,,,,,,,
,,,,,,,,,,,,,,,,,,,,,,,,,,
,,,,,,,,,,,,,,,,,,,,,,,,,,
,,,,,,,,,,,,,,,,,,,,,,,,,,
,,,,,,,,,,,,,,,,,,,,,,,,,,
,,,,,,,,,,,,,,,,,,,,,,,,,,
,,,,,,,,,,,,,,,,,,,,,,,,,,
,,,,,,,,,,,,,,,,,,,,,,,,,,
,,,,,,,,,,,,,,,,,,,,,,,,,,
,,,,,,,,,,,,,,,,,,,,,,,,,,
,,,,,,,,,,,,,,,,,,,,,,,,,,
,,,,,,,,,,,,,,,,,,,,,,,,,,
,,,,,,,,,,,,,,,,,,,,,,,,,,
,,,,,,,,,,,,,,,,,,,,,,,,,,
,,,,,,,,,,,,,,,,,,,,,,,,,,
,,,,,,,,,,,,,,,,,,,,,,,,,,
,,,,,,,,,,,,,,,,,,,,,,,,,,
,,,,,,,,,,,,,,,,,,,,,,,,,,
,,,,,,,,,,,,,,,,,,,,,,,,,,
,,,,,,,,,,,,,,,,,,,,,,,,,,
,,,,,,,,,,,,,,,,,,,,,,,,,,
,,,,,,,,,,,,,,,,,,,,,,,,,,
,,,,,,,,,,,,,,,,,,,,,,,,,,
,,,,,,,,,,,,,,,,,,,,,,,,,,
,,,,,,,,,,,,,,,,,,,,,,,,,,
,,,,,,,,,,,,,,,,,,,,,,,,,,
,,,,,,,,,,,,,,,,,,,,,,,,,,
,,,,,,,,,,,,,,,,,,,,,,,,,,
,,,,,,,,,,,,,,,,,,,,,,,,,,
,,,,,,,,,,,,,,,,,,,,,,,,,,
,,,,,,,,,,,,,,,,,,,,,,,,,,
,,,,,,,,,,,,,,,,,,,,,,,,,,
,,,,,,,,,,,,,,,,,,,,,,,,,,
,,,,,,,,,,,,,,,,,,,,,,,,,,
,,,,,,,,,,,,,,,,,,,,,,,,,,
,,,,,,,,,,,,,,,,,,,,,,,,,,
,,,,,,,,,,,,,,,,,,,,,,,,,,
,,,,,,,,,,,,,,,,,,,,,,,,,,
,,,,,,,,,,,,,,,,,,,,,,,,,,
,,,,,,,,,,,,,,,,,,,,,,,,,,
,,,,,,,,,,,,,,,,,,,,,,,,,,
,,,,,,,,,,,,,,,,,,,,,,,,,,
,,,,,,,,,,,,,,,,,,,,,,,,,,
,,,,,,,,,,,,,,,,,,,,,,,,,,
,,,,,,,,,,,,,,,,,,,,,,,,,,
,,,,,,,,,,,,,,,,,,,,,,,,,,
,,,,,,,,,,,,,,,,,,,,,,,,,,
,,,,,,,,,,,,,,,,,,,,,,,,,,
,,,,,,,,,,,,,,,,,,,,,,,,,,
,,,,,,,,,,,,,,,,,,,,,,,,,,
,,,,,,,,,,,,,,,,,,,,,,,,,,
,,,,,,,,,,,,,,,,,,,,,,,,,,
,,,,,,,,,,,,,,,,,,,,,,,,,,
,,,,,,,,,,,,,,,,,,,,,,,,,,
,,,,,,,,,,,,,,,,,,,,,,,,,,
,,,,,,,,,,,,,,,,,,,,,,,,,,
,,,,,,,,,,,,,,,,,,,,,,,,,,
,,,,,,,,,,,,,,,,,,,,,,,,,,
,,,,,,,,,,,,,,,,,,,,,,,,,,
,,,,,,,,,,,,,,,,,,,,,,,,,,
,,,,,,,,,,,,,,,,,,,,,,,,,,
,,,,,,,,,,,,,,,,,,,,,,,,,,
,,,,,,,,,,,,,,,,,,,,,,,,,,
,,,,,,,,,,,,,,,,,,,,,,,,,,
,,,,,,,,,,,,,,,,,,,,,,,,,,
,,,,,,,,,,,,,,,,,,,,,,,,,,
,,,,,,,,,,,,,,,,,,,,,,,,,,
,,,,,,,,,,,,,,,,,,,,,,,,,,
,,,,,,,,,,,,,,,,,,,,,,,,,,
,,,,,,,,,,,,,,,,,,,,,,,,,,
,,,,,,,,,,,,,,,,,,,,,,,,,,
,,,,,,,,,,,,,,,,,,,,,,,,,,
,,,,,,,,,,,,,,,,,,,,,,,,,,
,,,,,,,,,,,,,,,,,,,,,,,,,,
,,,,,,,,,,,,,,,,,,,,,,,,,,
,,,,,,,,,,,,,,,,,,,,,,,,,,
,,,,,,,,,,,,,,,,,,,,,,,,,,
,,,,,,,,,,,,,,,,,,,,,,,,,,
,,,,,,,,,,,,,,,,,,,,,,,,,,
,,,,,,,,,,,,,,,,,,,,,,,,,,
,,,,,,,,,,,,,,,,,,,,,,,,,,
,,,,,,,,,,,,,,,,,,,,,,,,,,
,,,,,,,,,,,,,,,,,,,,,,,,,,
,,,,,,,,,,,,,,,,,,,,,,,,,,
,,,,,,,,,,,,,,,,,,,,,,,,,,
,,,,,,,,,,,,,,,,,,,,,,,,,,
,,,,,,,,,,,,,,,,,,,,,,,,,,
,,,,,,,,,,,,,,,,,,,,,,,,,,
,,,,,,,,,,,,,,,,,,,,,,,,,,
,,,,,,,,,,,,,,,,,,,,,,,,,,
,,,,,,,,,,,,,,,,,,,,,,,,,,
,,,,,,,,,,,,,,,,,,,,,,,,,,
,,,,,,,,,,,,,,,,,,,,,,,,,,
,,,,,,,,,,,,,,,,,,,,,,,,,,
,,,,,,,,,,,,,,,,,,,,,,,,,,
,,,,,,,,,,,,,,,,,,,,,,,,,,
,,,,,,,,,,,,,,,,,,,,,,,,,,
,,,,,,,,,,,,,,,,,,,,,,,,,,
,,,,,,,,,,,,,,,,,,,,,,,,,,
,,,,,,,,,,,,,,,,,,,,,,,,,,
,,,,,,,,,,,,,,,,,,,,,,,,,,
,,,,,,,,,,,,,,,,,,,,,,,,,,
,,,,,,,,,,,,,,,,,,,,,,,,,,
,,,,,,,,,,,,,,,,,,,,,,,,,,
,,,,,,,,,,,,,,,,,,,,,,,,,,
,,,,,,,,,,,,,,,,,,,,,,,,,,
,,,,,,,,,,,,,,,,,,,,,,,,,,
,,,,,,,,,,,,,,,,,,,,,,,,,,
,,,,,,,,,,,,,,,,,,,,,,,,,,
,,,,,,,,,,,,,,,,,,,,,,,,,,
,,,,,,,,,,,,,,,,,,,,,,,,,,
,,,,,,,,,,,,,,,,,,,,,,,,,,
,,,,,,,,,,,,,,,,,,,,,,,,,,
,,,,,,,,,,,,,,,,,,,,,,,,,,
,,,,,,,,,,,,,,,,,,,,,,,,,,
,,,,,,,,,,,,,,,,,,,,,,,,,,
,,,,,,,,,,,,,,,,,,,,,,,,,,
,,,,,,,,,,,,,,,,,,,,,,,,,,
,,,,,,,,,,,,,,,,,,,,,,,,,,
,,,,,,,,,,,,,,,,,,,,,,,,,,
,,,,,,,,,,,,,,,,,,,,,,,,,,
,,,,,,,,,,,,,,,,,,,,,,,,,,
,,,,,,,,,,,,,,,,,,,,,,,,,,
,,,,,,,,,,,,,,,,,,,,,,,,,,
,,,,,,,,,,,,,,,,,,,,,,,,,,
,,,,,,,,,,,,,,,,,,,,,,,,,,
,,,,,,,,,,,,,,,,,,,,,,,,,,
,,,,,,,,,,,,,,,,,,,,,,,,,,
,,,,,,,,,,,,,,,,,,,,,,,,,,
,,,,,,,,,,,,,,,,,,,,,,,,,,
,,,,,,,,,,,,,,,,,,,,,,,,,,
,,,,,,,,,,,,,,,,,,,,,,,,,,
,,,,,,,,,,,,,,,,,,,,,,,,,,
,,,,,,,,,,,,,,,,,,,,,,,,,,
,,,,,,,,,,,,,,,,,,,,,,,,,,
,,,,,,,,,,,,,,,,,,,,,,,,,,
,,,,,,,,,,,,,,,,,,,,,,,,,,
,,,,,,,,,,,,,,,,,,,,,,,,,,
,,,,,,,,,,,,,,,,,,,,,,,,,,
,,,,,,,,,,,,,,,,,,,,,,,,,,
,,,,,,,,,,,,,,,,,,,,,,,,,,
,,,,,,,,,,,,,,,,,,,,,,,,,,
,,,,,,,,,,,,,,,,,,,,,,,,,,
,,,,,,,,,,,,,,,,,,,,,,,,,,
,,,,,,,,,,,,,,,,,,,,,,,,,,
,,,,,,,,,,,,,,,,,,,,,,,,,,
,,,,,,,,,,,,,,,,,,,,,,,,,,
,,,,,,,,,,,,,,,,,,,,,,,,,,
,,,,,,,,,,,,,,,,,,,,,,,,,,
,,,,,,,,,,,,,,,,,,,,,,,,,,
,,,,,,,,,,,,,,,,,,,,,,,,,,
,,,,,,,,,,,,,,,,,,,,,,,,,,
,,,,,,,,,,,,,,,,,,,,,,,,,,
,,,,,,,,,,,,,,,,,,,,,,,,,,
,,,,,,,,,,,,,,,,,,,,,,,,,,
,,,,,,,,,,,,,,,,,,,,,,,,,,
,,,,,,,,,,,,,,,,,,,,,,,,,,
,,,,,,,,,,,,,,,,,,,,,,,,,,
,,,,,,,,,,,,,,,,,,,,,,,,,,
,,,,,,,,,,,,,,,,,,,,,,,,,,
,,,,,,,,,,,,,,,,,,,,,,,,,,
,,,,,,,,,,,,,,,,,,,,,,,,,,
,,,,,,,,,,,,,,,,,,,,,,,,,,
,,,,,,,,,,,,,,,,,,,,,,,,,,
,,,,,,,,,,,,,,,,,,,,,,,,,,
,,,,,,,,,,,,,,,,,,,,,,,,,,
,,,,,,,,,,,,,,,,,,,,,,,,,,
,,,,,,,,,,,,,,,,,,,,,,,,,,
,,,,,,,,,,,,,,,,,,,,,,,,,,
,,,,,,,,,,,,,,,,,,,,,,,,,,
,,,,,,,,,,,,,,,,,,,,,,,,,,
,,,,,,,,,,,,,,,,,,,,,,,,,,
,,,,,,,,,,,,,,,,,,,,,,,,,,
,,,,,,,,,,,,,,,,,,,,,,,,,,
,,,,,,,,,,,,,,,,,,,,,,,,,,
,,,,,,,,,,,,,,,,,,,,,,,,,,
,,,,,,,,,,,,,,,,,,,,,,,,,,
,,,,,,,,,,,,,,,,,,,,,,,,,,
,,,,,,,,,,,,,,,,,,,,,,,,,,
,,,,,,,,,,,,,,,,,,,,,,,,,,
,,,,,,,,,,,,,,,,,,,,,,,,,,
,,,,,,,,,,,,,,,,,,,,,,,,,,
,,,,,,,,,,,,,,,,,,,,,,,,,,
,,,,,,,,,,,,,,,,,,,,,,,,,,
,,,,,,,,,,,,,,,,,,,,,,,,,,
,,,,,,,,,,,,,,,,,,,,,,,,,,
,,,,,,,,,,,,,,,,,,,,,,,,,,
,,,,,,,,,,,,,,,,,,,,,,,,,,
,,,,,,,,,,,,,,,,,,,,,,,,,,
,,,,,,,,,,,,,,,,,,,,,,,,,,
,,,,,,,,,,,,,,,,,,,,,,,,,,
,,,,,,,,,,,,,,,,,,,,,,,,,,
,,,,,,,,,,,,,,,,,,,,,,,,,,
,,,,,,,,,,,,,,,,,,,,,,,,,,
,,,,,,,,,,,,,,,,,,,,,,,,,,
,,,,,,,,,,,,,,,,,,,,,,,,,,
,,,,,,,,,,,,,,,,,,,,,,,,,,
,,,,,,,,,,,,,,,,,,,,,,,,,,
,,,,,,,,,,,,,,,,,,,,,,,,,,
,,,,,,,,,,,,,,,,,,,,,,,,,,
,,,,,,,,,,,,,,,,,,,,,,,,,,
,,,,,,,,,,,,,,,,,,,,,,,,,,
,,,,,,,,,,,,,,,,,,,,,,,,,,
,,,,,,,,,,,,,,,,,,,,,,,,,,
,,,,,,,,,,,,,,,,,,,,,,,,,,
,,,,,,,,,,,,,,,,,,,,,,,,,,
,,,,,,,,,,,,,,,,,,,,,,,,,,
,,,,,,,,,,,,,,,,,,,,,,,,,,
,,,,,,,,,,,,,,,,,,,,,,,,,,
,,,,,,,,,,,,,,,,,,,,,,,,,,
,,,,,,,,,,,,,,,,,,,,,,,,,,
,,,,,,,,,,,,,,,,,,,,,,,,,,
,,,,,,,,,,,,,,,,,,,,,,,,,,
,,,,,,,,,,,,,,,,,,,,,,,,,,
,,,,,,,,,,,,,,,,,,,,,,,,,,
,,,,,,,,,,,,,,,,,,,,,,,,,,
,,,,,,,,,,,,,,,,,,,,,,,,,,
,,,,,,,,,,,,,,,,,,,,,,,,,,
,,,,,,,,,,,,,,,,,,,,,,,,,,
,,,,,,,,,,,,,,,,,,,,,,,,,,
,,,,,,,,,,,,,,,,,,,,,,,,,,
,,,,,,,,,,,,,,,,,,,,,,,,,,
,,,,,,,,,,,,,,,,,,,,,,,,,,
,,,,,,,,,,,,,,,,,,,,,,,,,,
,,,,,,,,,,,,,,,,,,,,,,,,,,
,,,,,,,,,,,,,,,,,,,,,,,,,,
,,,,,,,,,,,,,,,,,,,,,,,,,,
,,,,,,,,,,,,,,,,,,,,,,,,,,
,,,,,,,,,,,,,,,,,,,,,,,,,,
,,,,,,,,,,,,,,,,,,,,,,,,,,
,,,,,,,,,,,,,,,,,,,,,,,,,,
,,,,,,,,,,,,,,,,,,,,,,,,,,
,,,,,,,,,,,,,,,,,,,,,,,,,,
,,,,,,,,,,,,,,,,,,,,,,,,,,
,,,,,,,,,,,,,,,,,,,,,,,,,,
,,,,,,,,,,,,,,,,,,,,,,,,,,
,,,,,,,,,,,,,,,,,,,,,,,,,,
,,,,,,,,,,,,,,,,,,,,,,,,,,
,,,,,,,,,,,,,,,,,,,,,,,,,,
,,,,,,,,,,,,,,,,,,,,,,,,,,
,,,,,,,,,,,,,,,,,,,,,,,,,,
,,,,,,,,,,,,,,,,,,,,,,,,,,
,,,,,,,,,,,,,,,,,,,,,,,,,,
,,,,,,,,,,,,,,,,,,,,,,,,,,
,,,,,,,,,,,,,,,,,,,,,,,,,,
,,,,,,,,,,,,,,,,,,,,,,,,,,
,,,,,,,,,,,,,,,,,,,,,,,,,,
,,,,,,,,,,,,,,,,,,,,,,,,,,
,,,,,,,,,,,,,,,,,,,,,,,,,,
,,,,,,,,,,,,,,,,,,,,,,,,,,
,,,,,,,,,,,,,,,,,,,,,,,,,,
,,,,,,,,,,,,,,,,,,,,,,,,,,
,,,,,,,,,,,,,,,,,,,,,,,,,,
,,,,,,,,,,,,,,,,,,,,,,,,,,
,,,,,,,,,,,,,,,,,,,,,,,,,,
,,,,,,,,,,,,,,,,,,,,,,,,,,
,,,,,,,,,,,,,,,,,,,,,,,,,,
,,,,,,,,,,,,,,,,,,,,,,,,,,
,,,,,,,,,,,,,,,,,,,,,,,,,,
,,,,,,,,,,,,,,,,,,,,,,,,,,
,,,,,,,,,,,,,,,,,,,,,,,,,,
,,,,,,,,,,,,,,,,,,,,,,,,,,
,,,,,,,,,,,,,,,,,,,,,,,,,,
,,,,,,,,,,,,,,,,,,,,,,,,,,
,,,,,,,,,,,,,,,,,,,,,,,,,,
,,,,,,,,,,,,,,,,,,,,,,,,,,
,,,,,,,,,,,,,,,,,,,,,,,,,,
,,,,,,,,,,,,,,,,,,,,,,,,,,
,,,,,,,,,,,,,,,,,,,,,,,,,,
,,,,,,,,,,,,,,,,,,,,,,,,,,
,,,,,,,,,,,,,,,,,,,,,,,,,,
,,,,,,,,,,,,,,,,,,,,,,,,,,
,,,,,,,,,,,,,,,,,,,,,,,,,,
,,,,,,,,,,,,,,,,,,,,,,,,,,
,,,,,,,,,,,,,,,,,,,,,,,,,,
,,,,,,,,,,,,,,,,,,,,,,,,,,
,,,,,,,,,,,,,,,,,,,,,,,,,,
,,,,,,,,,,,,,,,,,,,,,,,,,,
,,,,,,,,,,,,,,,,,,,,,,,,,,
,,,,,,,,,,,,,,,,,,,,,,,,,,
,,,,,,,,,,,,,,,,,,,,,,,,,,
,,,,,,,,,,,,,,,,,,,,,,,,,,
,,,,,,,,,,,,,,,,,,,,,,,,,,
,,,,,,,,,,,,,,,,,,,,,,,,,,
,,,,,,,,,,,,,,,,,,,,,,,,,,
,,,,,,,,,,,,,,,,,,,,,,,,,,
,,,,,,,,,,,,,,,,,,,,,,,,,,
,,,,,,,,,,,,,,,,,,,,,,,,,,
,,,,,,,,,,,,,,,,,,,,,,,,,,
,,,,,,,,,,,,,,,,,,,,,,,,,,
,,,,,,,,,,,,,,,,,,,,,,,,,,
,,,,,,,,,,,,,,,,,,,,,,,,,,
,,,,,,,,,,,,,,,,,,,,,,,,,,
,,,,,,,,,,,,,,,,,,,,,,,,,,
,,,,,,,,,,,,,,,,,,,,,,,,,,
,,,,,,,,,,,,,,,,,,,,,,,,,,
,,,,,,,,,,,,,,,,,,,,,,,,,,
,,,,,,,,,,,,,,,,,,,,,,,,,,
,,,,,,,,,,,,,,,,,,,,,,,,,,
,,,,,,,,,,,,,,,,,,,,,,,,,,
,,,,,,,,,,,,,,,,,,,,,,,,,,
,,,,,,,,,,,,,,,,,,,,,,,,,,
,,,,,,,,,,,,,,,,,,,,,,,,,,
,,,,,,,,,,,,,,,,,,,,,,,,,,
,,,,,,,,,,,,,,,,,,,,,,,,,,
,,,,,,,,,,,,,,,,,,,,,,,,,,
,,,,,,,,,,,,,,,,,,,,,,,,,,
,,,,,,,,,,,,,,,,,,,,,,,,,,
,,,,,,,,,,,,,,,,,,,,,,,,,,
,,,,,,,,,,,,,,,,,,,,,,,,,,
,,,,,,,,,,,,,,,,,,,,,,,,,,
,,,,,,,,,,,,,,,,,,,,,,,,,,
,,,,,,,,,,,,,,,,,,,,,,,,,,
,,,,,,,,,,,,,,,,,,,,,,,,,,
,,,,,,,,,,,,,,,,,,,,,,,,,,
,,,,,,,,,,,,,,,,,,,,,,,,,,
,,,,,,,,,,,,,,,,,,,,,,,,,,
,,,,,,,,,,,,,,,,,,,,,,,,,,
,,,,,,,,,,,,,,,,,,,,,,,,,,
,,,,,,,,,,,,,,,,,,,,,,,,,,
,,,,,,,,,,,,,,,,,,,,,,,,,,
,,,,,,,,,,,,,,,,,,,,,,,,,,
,,,,,,,,,,,,,,,,,,,,,,,,,,
,,,,,,,,,,,,,,,,,,,,,,,,,,
,,,,,,,,,,,,,,,,,,,,,,,,,,
,,,,,,,,,,,,,,,,,,,,,,,,,,
,,,,,,,,,,,,,,,,,,,,,,,,,,
,,,,,,,,,,,,,,,,,,,,,,,,,,
,,,,,,,,,,,,,,,,,,,,,,,,,,
,,,,,,,,,,,,,,,,,,,,,,,,,,
,,,,,,,,,,,,,,,,,,,,,,,,,,
,,,,,,,,,,,,,,,,,,,,,,,,,,
,,,,,,,,,,,,,,,,,,,,,,,,,,
,,,,,,,,,,,,,,,,,,,,,,,,,,
,,,,,,,,,,,,,,,,,,,,,,,,,,
,,,,,,,,,,,,,,,,,,,,,,,,,,
,,,,,,,,,,,,,,,,,,,,,,,,,,
,,,,,,,,,,,,,,,,,,,,,,,,,,
,,,,,,,,,,,,,,,,,,,,,,,,,,
,,,,,,,,,,,,,,,,,,,,,,,,,,
,,,,,,,,,,,,,,,,,,,,,,,,,,
,,,,,,,,,,,,,,,,,,,,,,,,,,
,,,,,,,,,,,,,,,,,,,,,,,,,,
,,,,,,,,,,,,,,,,,,,,,,,,,,
,,,,,,,,,,,,,,,,,,,,,,,,,,
,,,,,,,,,,,,,,,,,,,,,,,,,,
,,,,,,,,,,,,,,,,,,,,,,,,,,
,,,,,,,,,,,,,,,,,,,,,,,,,,
,,,,,,,,,,,,,,,,,,,,,,,,,,
,,,,,,,,,,,,,,,,,,,,,,,,,,
,,,,,,,,,,,,,,,,,,,,,,,,,,
,,,,,,,,,,,,,,,,,,,,,,,,,,
,,,,,,,,,,,,,,,,,,,,,,,,,,
,,,,,,,,,,,,,,,,,,,,,,,,,,
,,,,,,,,,,,,,,,,,,,,,,,,,,
,,,,,,,,,,,,,,,,,,,,,,,,,,
,,,,,,,,,,,,,,,,,,,,,,,,,,
,,,,,,,,,,,,,,,,,,,,,,,,,,
,,,,,,,,,,,,,,,,,,,,,,,,,,
,,,,,,,,,,,,,,,,,,,,,,,,,,
,,,,,,,,,,,,,,,,,,,,,,,,,,
,,,,,,,,,,,,,,,,,,,,,,,,,,
,,,,,,,,,,,,,,,,,,,,,,,,,,
,,,,,,,,,,,,,,,,,,,,,,,,,,
,,,,,,,,,,,,,,,,,,,,,,,,,,
,,,,,,,,,,,,,,,,,,,,,,,,,,
,,,,,,,,,,,,,,,,,,,,,,,,,,
,,,,,,,,,,,,,,,,,,,,,,,,,,
,,,,,,,,,,,,,,,,,,,,,,,,,,
,,,,,,,,,,,,,,,,,,,,,,,,,,
,,,,,,,,,,,,,,,,,,,,,,,,,,
,,,,,,,,,,,,,,,,,,,,,,,,,,
,,,,,,,,,,,,,,,,,,,,,,,,,,
,,,,,,,,,,,,,,,,,,,,,,,,,,
,,,,,,,,,,,,,,,,,,,,,,,,,,
,,,,,,,,,,,,,,,,,,,,,,,,,,
,,,,,,,,,,,,,,,,,,,,,,,,,,
,,,,,,,,,,,,,,,,,,,,,,,,,,
,,,,,,,,,,,,,,,,,,,,,,,,,,
,,,,,,,,,,,,,,,,,,,,,,,,,,
,,,,,,,,,,,,,,,,,,,,,,,,,,
,,,,,,,,,,,,,,,,,,,,,,,,,,
,,,,,,,,,,,,,,,,,,,,,,,,,,
,,,,,,,,,,,,,,,,,,,,,,,,,,
,,,,,,,,,,,,,,,,,,,,,,,,,,
,,,,,,,,,,,,,,,,,,,,,,,,,,
,,,,,,,,,,,,,,,,,,,,,,,,,,
,,,,,,,,,,,,,,,,,,,,,,,,,,
,,,,,,,,,,,,,,,,,,,,,,,,,,
,,,,,,,,,,,,,,,,,,,,,,,,,,
,,,,,,,,,,,,,,,,,,,,,,,,,,
,,,,,,,,,,,,,,,,,,,,,,,,,,
,,,,,,,,,,,,,,,,,,,,,,,,,,
,,,,,,,,,,,,,,,,,,,,,,,,,,
,,,,,,,,,,,,,,,,,,,,,,,,,,
,,,,,,,,,,,,,,,,,,,,,,,,,,
,,,,,,,,,,,,,,,,,,,,,,,,,,
,,,,,,,,,,,,,,,,,,,,,,,,,,
,,,,,,,,,,,,,,,,,,,,,,,,,,
,,,,,,,,,,,,,,,,,,,,,,,,,,
,,,,,,,,,,,,,,,,,,,,,,,,,,
,,,,,,,,,,,,,,,,,,,,,,,,,,
,,,,,,,,,,,,,,,,,,,,,,,,,,
,,,,,,,,,,,,,,,,,,,,,,,,,,
,,,,,,,,,,,,,,,,,,,,,,,,,,
,,,,,,,,,,,,,,,,,,,,,,,,,,
,,,,,,,,,,,,,,,,,,,,,,,,,,
,,,,,,,,,,,,,,,,,,,,,,,,,,
,,,,,,,,,,,,,,,,,,,,,,,,,,
,,,,,,,,,,,,,,,,,,,,,,,,,,
,,,,,,,,,,,,,,,,,,,,,,,,,,
,,,,,,,,,,,,,,,,,,,,,,,,,,
,,,,,,,,,,,,,,,,,,,,,,,,,,
,,,,,,,,,,,,,,,,,,,,,,,,,,
,,,,,,,,,,,,,,,,,,,,,,,,,,
,,,,,,,,,,,,,,,,,,,,,,,,,,
,,,,,,,,,,,,,,,,,,,,,,,,,,
,,,,,,,,,,,,,,,,,,,,,,,,,,
,,,,,,,,,,,,,,,,,,,,,,,,,,
,,,,,,,,,,,,,,,,,,,,,,,,,,
,,,,,,,,,,,,,,,,,,,,,,,,,,
,,,,,,,,,,,,,,,,,,,,,,,,,,
,,,,,,,,,,,,,,,,,,,,,,,,,,
,,,,,,,,,,,,,,,,,,,,,,,,,,
,,,,,,,,,,,,,,,,,,,,,,,,,,
,,,,,,,,,,,,,,,,,,,,,,,,,,
,,,,,,,,,,,,,,,,,,,,,,,,,,
,,,,,,,,,,,,,,,,,,,,,,,,,,
,,,,,,,,,,,,,,,,,,,,,,,,,,
,,,,,,,,,,,,,,,,,,,,,,,,,,
,,,,,,,,,,,,,,,,,,,,,,,,,,
,,,,,,,,,,,,,,,,,,,,,,,,,,
,,,,,,,,,,,,,,,,,,,,,,,,,,
,,,,,,,,,,,,,,,,,,,,,,,,,,
,,,,,,,,,,,,,,,,,,,,,,,,,,
,,,,,,,,,,,,,,,,,,,,,,,,,,
,,,,,,,,,,,,,,,,,,,,,,,,,,
,,,,,,,,,,,,,,,,,,,,,,,,,,
,,,,,,,,,,,,,,,,,,,,,,,,,,
,,,,,,,,,,,,,,,,,,,,,,,,,,
,,,,,,,,,,,,,,,,,,,,,,,,,,
,,,,,,,,,,,,,,,,,,,,,,,,,,
,,,,,,,,,,,,,,,,,,,,,,,,,,
,,,,,,,,,,,,,,,,,,,,,,,,,,
,,,,,,,,,,,,,,,,,,,,,,,,,,
,,,,,,,,,,,,,,,,,,,,,,,,,,
,,,,,,,,,,,,,,,,,,,,,,,,,,
,,,,,,,,,,,,,,,,,,,,,,,,,,
,,,,,,,,,,,,,,,,,,,,,,,,,,
,,,,,,,,,,,,,,,,,,,,,,,,,,
,,,,,,,,,,,,,,,,,,,,,,,,,,
,,,,,,,,,,,,,,,,,,,,,,,,,,
,,,,,,,,,,,,,,,,,,,,,,,,,,
,,,,,,,,,,,,,,,,,,,,,,,,,,
,,,,,,,,,,,,,,,,,,,,,,,,,,
,,,,,,,,,,,,,,,,,,,,,,,,,,
,,,,,,,,,,,,,,,,,,,,,,,,,,
,,,,,,,,,,,,,,,,,,,,,,,,,,
,,,,,,,,,,,,,,,,,,,,,,,,,,
,,,,,,,,,,,,,,,,,,,,,,,,,,
,,,,,,,,,,,,,,,,,,,,,,,,,,
,,,,,,,,,,,,,,,,,,,,,,,,,,
,,,,,,,,,,,,,,,,,,,,,,,,,,
,,,,,,,,,,,,,,,,,,,,,,,,,,
,,,,,,,,,,,,,,,,,,,,,,,,,,
,,,,,,,,,,,,,,,,,,,,,,,,,,
,,,,,,,,,,,,,,,,,,,,,,,,,,
,,,,,,,,,,,,,,,,,,,,,,,,,,
,,,,,,,,,,,,,,,,,,,,,,,,,,
,,,,,,,,,,,,,,,,,,,,,,,,,,
,,,,,,,,,,,,,,,,,,,,,,,,,,
,,,,,,,,,,,,,,,,,,,,,,,,,,
,,,,,,,,,,,,,,,,,,,,,,,,,,
,,,,,,,,,,,,,,,,,,,,,,,,,,
,,,,,,,,,,,,,,,,,,,,,,,,,,
,,,,,,,,,,,,,,,,,,,,,,,,,,
,,,,,,,,,,,,,,,,,,,,,,,,,,
,,,,,,,,,,,,,,,,,,,,,,,,,,
,,,,,,,,,,,,,,,,,,,,,,,,,,
,,,,,,,,,,,,,,,,,,,,,,,,,,
,,,,,,,,,,,,,,,,,,,,,,,,,,
,,,,,,,,,,,,,,,,,,,,,,,,,,
,,,,,,,,,,,,,,,,,,,,,,,,,,
,,,,,,,,,,,,,,,,,,,,,,,,,,
,,,,,,,,,,,,,,,,,,,,,,,,,,
,,,,,,,,,,,,,,,,,,,,,,,,,,
,,,,,,,,,,,,,,,,,,,,,,,,,,
,,,,,,,,,,,,,,,,,,,,,,,,,,
,,,,,,,,,,,,,,,,,,,,,,,,,,
,,,,,,,,,,,,,,,,,,,,,,,,,,
,,,,,,,,,,,,,,,,,,,,,,,,,,
,,,,,,,,,,,,,,,,,,,,,,,,,,
,,,,,,,,,,,,,,,,,,,,,,,,,,
,,,,,,,,,,,,,,,,,,,,,,,,,,
,,,,,,,,,,,,,,,,,,,,,,,,,,
,,,,,,,,,,,,,,,,,,,,,,,,,,
,,,,,,,,,,,,,,,,,,,,,,,,,,
,,,,,,,,,,,,,,,,,,,,,,,,,,
,,,,,,,,,,,,,,,,,,,,,,,,,,
,,,,,,,,,,,,,,,,,,,,,,,,,,
,,,,,,,,,,,,,,,,,,,,,,,,,,
,,,,,,,,,,,,,,,,,,,,,,,,,,
,,,,,,,,,,,,,,,,,,,,,,,,,,
,,,,,,,,,,,,,,,,,,,,,,,,,,
,,,,,,,,,,,,,,,,,,,,,,,,,,
,,,,,,,,,,,,,,,,,,,,,,,,,,
,,,,,,,,,,,,,,,,,,,,,,,,,,
,,,,,,,,,,,,,,,,,,,,,,,,,,
,,,,,,,,,,,,,,,,,,,,,,,,,,
,,,,,,,,,,,,,,,,,,,,,,,,,,
,,,,,,,,,,,,,,,,,,,,,,,,,,
,,,,,,,,,,,,,,,,,,,,,,,,,,
,,,,,,,,,,,,,,,,,,,,,,,,,,
,,,,,,,,,,,,,,,,,,,,,,,,,,
,,,,,,,,,,,,,,,,,,,,,,,,,,
,,,,,,,,,,,,,,,,,,,,,,,,,,
,,,,,,,,,,,,,,,,,,,,,,,,,,
,,,,,,,,,,,,,,,,,,,,,,,,,,
,,,,,,,,,,,,,,,,,,,,,,,,,,
,,,,,,,,,,,,,,,,,,,,,,,,,,
,,,,,,,,,,,,,,,,,,,,,,,,,,
,,,,,,,,,,,,,,,,,,,,,,,,,,
,,,,,,,,,,,,,,,,,,,,,,,,,,
,,,,,,,,,,,,,,,,,,,,,,,,,,
,,,,,,,,,,,,,,,,,,,,,,,,,,
,,,,,,,,,,,,,,,,,,,,,,,,,,
,,,,,,,,,,,,,,,,,,,,,,,,,,
,,,,,,,,,,,,,,,,,,,,,,,,,,
,,,,,,,,,,,,,,,,,,,,,,,,,,
,,,,,,,,,,,,,,,,,,,,,,,,,,
,,,,,,,,,,,,,,,,,,,,,,,,,,
,,,,,,,,,,,,,,,,,,,,,,,,,,
